"180Â° South", 2010
"An Inconvenient Truth", 2006
"Africa", 2013
"Ashes and Snow", 2005
"Atlantic: The Wildest Ocean on Earth", 2015
"Baraka", 1992
"Big Pacific", 2017
"Blackfish", 2013
"Blue Planet II", 2017
"Cave of Forgotten Dreams", 2010
"Chasing Ice", 2012
"Charles Darwin and the Tree of Life", 2009
"Citizenfour", 2014
"Civilisations", 2018
"Cosmos", 2014
"Deep Blue", 2003
"Dynasties", 2018
"Earth", 2007
"Earth Story", 1998
"Earth: The Power of the Planet", 2007
"Earthflight", 2011
"Encounters at the End of the World", 2007
"First Life", 2010
"For All Mankind", 1989
"Frozen Planet", 2011
"Galapagos", 2006
"Galapagos 3D", 2013
"Great Barrier Reef", 2012
"Great Migrations", 2010
"Grizzly Man", 2005
"Happy People: A Year in the Taiga", 2010
"Hidden Kingdoms", 2014
"Home", 2009
"How Earth Made Us", 2010
"How the Universe Works", 2010
"Hubble", 2010
"Human Planet", 2011
"Into the Universe with Stephen Hawking", 2010
"Japan: Earth's Enchanted Islands", 2015
"Jiro Dreams of Sushi", 2011
"Journey to the Edge of the Universe", 2008
"Kingdom of Plants", 2012
"Kingdom of the Oceans", 2011
"Known Universe", 2009
"Koyaanisqatsi", 1982
"Le peuple migrateur", 2001
"Learning to See: The World of Insects", 2016
"Life", 2009
"Life Cycles", 2010
"Life in a Day", 2011
"Life in Cold Blood", 2008
"Life in the Undergrowth", 2005
"Life on Earth", 1979
"Life Story", 2014
"Madagascar", 2011
"March of the Penguins", 2005
"Meru", 2015
"Natural World", 1983
"Nature's Great Events", 2009
"Nova", 1974
"Oceans", 2009
"Our Secret Universe: The Hidden Life of the Cell", 2012
"Planet Earth", 2006
"Planet Earth II", 2016
"Planet Ocean", 2012
"Racing Extinction", 2015
"Samsara", 2011
"Side by Side", 2012
"South Pacific", 2009
"State of the Planet", 2000
"Sunrise Earth", 2004
"The Act of Killing", 2012
"The Blue Planet", 2001
"The Cove", 2009
"The High Sierra Trail", 2018
"The Hunt", 2015
"The Internet's Own Boy: The Story of Aaron Swartz", 2014
"The Life of Birds", 1998
"The Life of Mammals", 2002
"The National Parks: America's Best Idea", 2009
"The Private Life of Plants", 1995
"The Salt of the Earth", 2014
"The Secret Life of Chaos", 2010
"The Trials of Life", 1990
"The Universe", 2007
"The Vietnam War", 2017
"The White Diamond", 2004
"Through the Wormhole", 2010
"Tigers About the House", 2014
"TimeScapes", 2012
"Touching the Void", 2003
"Virunga", 2014
"Wild America", 1982
"Wild Arabia", 2013
"Wild China", 2008
"Wildes Russland", 2008
"Wonders of Life", 2013
"Wonders of the Solar System", 2010
"Wonders of the Universe", 2011
"Yellowstone", 2009